id,username,email,created_at
1,keenmeadow77,keenmeadow77@opswise.net,2025-06-20 18:44:15
2,livelylagoon21,livelylagoon21@opswise.net,2025-11-22 07:48:11
3,harborwindow32,harborwindow32@hackstack.io,2024-10-14 20:43:50
4,silverdelta54,silverdelta54@example.com,2025-04-09 23:23:54
5,opalmeadow40,opalmeadow40@acme.dev,2025-10-06 06:00:33
6,jadeisland20,jadeisland20@example.com,2025-03-08 10:33:17
7,clearsignal48,clearsignal48@hackstack.io,2025-11-29 02:56:48
8,urbansignal17,urbansignal17@relay.cloud,2026-01-11 13:05:05
9,quietriver68,quietriver68@seeded.app,2024-09-06 09:03:48
10,keenwindow00,keenwindow00@acme.dev,2025-07-27 19:26:29
11,vividkernel21,vividkernel21@hackstack.io,2025-06-29 07:27:59
12,livelyriver66,livelyriver66@hackstack.io,2025-10-16 03:56:30
13,ambermeadow79,ambermeadow79@relay.cloud,2025-09-15 09:42:26
14,opaltrail98,opaltrail98@relay.cloud,2025-09-28 19:19:17
15,rapidmeadow50,rapidmeadow50@seeded.app,2024-04-13 09:55:17
16,navynetwork50,navynetwork50@hackstack.io,2025-08-30 05:04:27
17,warmriver18,warmriver18@relay.cloud,2025-07-31 17:27:07
18,forestnetwork31,forestnetwork31@acme.dev,2024-07-24 05:17:00
19,proudfield81,proudfield81@relay.cloud,2024-12-31 02:08:16
20,quietnetwork00,quietnetwork00@opswise.net,2025-11-18 23:48:55
21,youngkernel44,youngkernel44@opswise.net,2024-02-10 03:37:23
22,clearjourney13,clearjourney13@example.com,2024-08-19 14:56:45
23,opalgarden17,opalgarden17@hackstack.io,2024-10-27 11:12:06
24,harborgarden69,harborgarden69@opswise.net,2025-07-25 13:02:32
25,urbanzenith25,urbanzenith25@hackstack.io,2024-11-08 03:45:48
26,proudcanyon77,proudcanyon77@relay.cloud,2025-09-25 21:14:41
27,silvernetwork46,silvernetwork46@seeded.app,2025-08-31 04:21:41
28,mellownetwork51,mellownetwork51@seeded.app,2026-01-25 16:08:47
29,ivorytrail33,ivorytrail33@example.com,2024-04-06 10:28:51
30,tidysignal86,tidysignal86@opswise.net,2025-05-05 23:22:55
31,cobaltdelta04,cobaltdelta04@seeded.app,2025-08-19 16:54:50
32,jadeanchor77,jadeanchor77@acme.dev,2025-04-02 09:06:16
33,keenquartz08,keenquartz08@example.com,2024-02-17 19:36:23
34,tidypioneer98,tidypioneer98@example.com,2025-09-21 17:48:30
35,briskwindow76,briskwindow76@opswise.net,2025-07-20 12:12:55
36,silveranchor70,silveranchor70@opswise.net,2024-06-27 19:30:32
37,calmharvest88,calmharvest88@example.com,2024-05-05 20:45:56
38,harborcanyon39,harborcanyon39@example.com,2025-09-12 09:14:24
39,clearquartz62,clearquartz62@relay.cloud,2024-07-26 07:17:57
40,cobaltquartz12,cobaltquartz12@acme.dev,2025-12-25 05:46:45
41,quietvalley74,quietvalley74@seeded.app,2024-09-15 08:58:20
42,ivoryanchor23,ivoryanchor23@relay.cloud,2024-02-17 17:45:05
43,goldzenith12,goldzenith12@opswise.net,2024-06-19 19:58:42
44,warmjourney75,warmjourney75@acme.dev,2024-06-26 17:59:50
45,jadeengine20,jadeengine20@acme.dev,2025-03-24 14:35:44
46,mellowquartz05,mellowquartz05@relay.cloud,2025-10-08 22:02:35
47,warmlagoon94,warmlagoon94@seeded.app,2025-07-09 08:10:49
48,vividzenith78,vividzenith78@hackstack.io,2024-03-12 04:20:22
49,embermeadow14,embermeadow14@acme.dev,2024-11-06 10:01:04
50,clearkernel43,clearkernel43@opswise.net,2025-06-28 15:37:01
51,briskbeacon25,briskbeacon25@acme.dev,2025-04-12 13:00:47
52,silvergarden36,silvergarden36@opswise.net,2025-01-28 13:28:23
53,ivoryorbit56,ivoryorbit56@example.com,2024-08-04 12:13:03
54,calmengine88,calmengine88@example.com,2025-07-24 11:25:05
55,harboruplink51,harboruplink51@acme.dev,2024-03-03 13:27:27
56,opalwindow41,opalwindow41@relay.cloud,2025-05-13 23:27:11
57,tidyengine74,tidyengine74@relay.cloud,2025-02-25 05:56:15
58,jadepioneer34,jadepioneer34@seeded.app,2025-12-21 03:30:01
59,proudlagoon57,proudlagoon57@relay.cloud,2025-05-31 06:36:10
60,warmsignal34,warmsignal34@acme.dev,2025-02-08 01:07:35
61,livelyzenith93,livelyzenith93@relay.cloud,2025-11-22 01:21:58
62,quietlagoon10,quietlagoon10@hackstack.io,2024-09-02 18:05:54
63,clearlagoon08,clearlagoon08@example.com,2025-04-09 18:39:53
64,proudpioneer97,proudpioneer97@opswise.net,2024-05-18 09:36:16
65,cleartrail21,cleartrail21@acme.dev,2025-12-31 13:06:43
66,brisknetwork00,brisknetwork00@acme.dev,2024-08-04 03:52:26
67,vividtrail16,vividtrail16@opswise.net,2024-03-15 07:48:01
68,livelyvalley30,livelyvalley30@relay.cloud,2025-02-03 10:51:47
69,ivoryorbit89,ivoryorbit89@acme.dev,2024-07-01 19:01:15
70,navybeacon85,navybeacon85@seeded.app,2025-10-22 10:57:14
71,navygarden27,navygarden27@opswise.net,2024-09-19 13:02:50
72,harborquartz87,harborquartz87@opswise.net,2025-10-08 14:49:03
73,silvergarden67,silvergarden67@acme.dev,2025-11-15 00:51:03
74,dawnkernel06,dawnkernel06@relay.cloud,2024-11-15 01:32:01
75,quietriver01,quietriver01@hackstack.io,2024-07-16 03:08:10
76,golddelta02,golddelta02@opswise.net,2024-08-19 05:11:07
77,rapidisland36,rapidisland36@example.com,2025-07-12 08:29:02
78,navyvalley10,navyvalley10@seeded.app,2025-10-26 23:05:30
79,forestorbit46,forestorbit46@seeded.app,2025-05-08 09:10:29
80,dawncanyon02,dawncanyon02@example.com,2024-10-26 13:26:42
81,cobaltjourney54,cobaltjourney54@opswise.net,2024-03-05 02:49:23
82,clearanchor56,clearanchor56@hackstack.io,2024-12-18 17:19:12
83,emberkernel94,emberkernel94@hackstack.io,2025-07-01 14:26:08
84,warmanchor15,warmanchor15@hackstack.io,2024-11-03 20:56:02
85,navynetwork77,navynetwork77@hackstack.io,2024-08-22 05:15:26
86,keenisland17,keenisland17@opswise.net,2024-10-14 08:05:44
87,warmwindow00,warmwindow00@hackstack.io,2025-12-06 11:34:47
88,livelyorbit80,livelyorbit80@acme.dev,2024-05-20 11:29:35
89,forestbeacon14,forestbeacon14@seeded.app,2025-12-13 09:45:21
90,mellowwindow40,mellowwindow40@relay.cloud,2024-05-19 12:21:32
91,silverwindow80,silverwindow80@acme.dev,2024-02-28 16:27:48
92,goldsignal73,goldsignal73@acme.dev,2025-11-14 19:01:33
93,amberorbit82,amberorbit82@hackstack.io,2024-02-01 22:58:23
94,emberquartz03,emberquartz03@relay.cloud,2025-10-20 12:17:47
95,dawnlagoon20,dawnlagoon20@relay.cloud,2024-09-29 13:20:16
96,navytrail09,navytrail09@opswise.net,2025-01-12 00:07:28
97,clearriver22,clearriver22@hackstack.io,2025-08-11 14:11:08
98,vividtrail98,vividtrail98@seeded.app,2024-08-17 07:49:05
99,ivorycanyon00,ivorycanyon00@acme.dev,2026-01-16 14:51:35
100,warmuplink43,warmuplink43@acme.dev,2025-01-07 03:41:10
101,urbandelta27,urbandelta27@example.com,2024-06-28 15:13:12
102,vividuplink61,vividuplink61@opswise.net,2025-10-14 05:30:45
103,briskwindow16,briskwindow16@relay.cloud,2025-01-30 11:42:45
104,warmmeadow35,warmmeadow35@acme.dev,2024-09-11 18:47:29
105,dawnengine14,dawnengine14@opswise.net,2025-12-06 16:48:15
106,briskquartz15,briskquartz15@acme.dev,2024-07-24 18:37:59
107,clearsignal71,clearsignal71@example.com,2024-04-16 01:04:08
108,harborjourney77,harborjourney77@relay.cloud,2025-09-29 14:42:36
109,ivoryharvest94,ivoryharvest94@relay.cloud,2024-11-18 08:20:48
110,quietnetwork60,quietnetwork60@opswise.net,2024-09-09 01:30:11
111,goldlagoon83,goldlagoon83@seeded.app,2025-08-11 02:22:47
112,warmjourney34,warmjourney34@seeded.app,2025-01-25 23:37:09
113,vividquartz24,vividquartz24@hackstack.io,2025-03-15 19:10:36
114,clearquartz86,clearquartz86@seeded.app,2025-06-26 07:20:24
115,youngtrail11,youngtrail11@acme.dev,2025-06-15 00:36:49
116,warmfield37,warmfield37@opswise.net,2025-10-31 08:59:07
117,cleargarden61,cleargarden61@seeded.app,2025-06-14 20:45:38
118,calmanchor11,calmanchor11@opswise.net,2026-01-04 01:41:47
119,emberharvest00,emberharvest00@acme.dev,2024-02-29 17:13:34
120,navyharvest23,navyharvest23@opswise.net,2024-07-09 09:41:36
121,tidyvalley73,tidyvalley73@example.com,2025-05-30 15:34:37
122,emberfield40,emberfield40@seeded.app,2024-08-13 10:33:48
123,urbanlagoon95,urbanlagoon95@example.com,2025-08-07 18:19:11
124,tidymeadow06,tidymeadow06@relay.cloud,2024-11-03 05:54:57
125,embercanyon88,embercanyon88@opswise.net,2024-05-26 21:46:28
126,vividquartz49,vividquartz49@relay.cloud,2025-05-01 18:33:39
127,vividpioneer00,vividpioneer00@relay.cloud,2024-07-21 18:30:33
128,calmdelta62,calmdelta62@hackstack.io,2024-05-12 01:55:51
129,forestkernel75,forestkernel75@seeded.app,2025-01-26 05:02:51
130,prouduplink40,prouduplink40@seeded.app,2025-02-01 03:19:08
131,dawnsignal62,dawnsignal62@example.com,2025-10-26 23:24:53
132,briskharvest94,briskharvest94@opswise.net,2024-11-26 16:04:12
133,dawnvalley02,dawnvalley02@relay.cloud,2024-01-25 16:03:27
134,mellowpioneer33,mellowpioneer33@hackstack.io,2025-12-08 20:23:58
135,proudyard25,proudyard25@relay.cloud,2025-08-06 10:05:58
136,rapidlagoon35,rapidlagoon35@acme.dev,2025-01-30 15:05:57
137,quietdelta75,quietdelta75@acme.dev,2025-05-17 21:55:23
138,ivoryuplink13,ivoryuplink13@relay.cloud,2025-06-17 18:10:09
139,emberriver56,emberriver56@hackstack.io,2025-09-16 13:22:58
140,jademeadow65,jademeadow65@opswise.net,2024-02-08 04:55:24
141,ivorybeacon14,ivorybeacon14@acme.dev,2024-05-04 17:09:08
142,mellowbeacon78,mellowbeacon78@acme.dev,2025-11-06 19:43:35
143,urbanriver82,urbanriver82@relay.cloud,2025-11-07 04:30:02
144,rapidwindow22,rapidwindow22@example.com,2024-01-19 23:33:57
145,forestengine59,forestengine59@hackstack.io,2024-02-22 22:19:16
146,quietwindow34,quietwindow34@acme.dev,2025-06-22 19:16:50
147,mellowengine69,mellowengine69@opswise.net,2025-02-16 00:00:52
148,warmlagoon37,warmlagoon37@relay.cloud,2025-06-11 12:48:15
149,forestanchor24,forestanchor24@acme.dev,2025-05-11 10:23:48
150,jadenetwork11,jadenetwork11@opswise.net,2025-07-12 12:30:41
151,warmengine53,warmengine53@relay.cloud,2025-05-16 01:25:56
152,clearquartz49,clearquartz49@acme.dev,2024-06-06 19:27:51
153,keenmeadow17,keenmeadow17@acme.dev,2024-02-25 03:49:23
154,harbororbit32,harbororbit32@seeded.app,2025-09-08 00:41:10
155,calmnetwork61,calmnetwork61@seeded.app,2024-09-28 22:37:55
156,youngisland47,youngisland47@example.com,2025-11-12 22:14:44
157,harboryard65,harboryard65@opswise.net,2025-07-09 21:25:34
158,dawnriver29,dawnriver29@seeded.app,2025-10-01 16:26:52
159,quiettrail51,quiettrail51@seeded.app,2025-11-06 19:46:30
160,proudquartz73,proudquartz73@acme.dev,2025-03-13 14:55:48
161,urbanfield20,urbanfield20@acme.dev,2024-07-24 03:25:23
162,harborquartz76,harborquartz76@opswise.net,2024-02-20 16:51:55
163,silveranchor44,silveranchor44@opswise.net,2026-01-21 22:35:20
164,navyvalley28,navyvalley28@seeded.app,2024-06-09 09:32:49
165,briskyard11,briskyard11@seeded.app,2024-06-10 09:20:38
166,proudsignal68,proudsignal68@example.com,2024-03-14 15:36:33
167,ivorygarden44,ivorygarden44@seeded.app,2024-07-13 09:30:48
168,jadebeacon00,jadebeacon00@opswise.net,2025-12-16 00:38:13
169,warmyard70,warmyard70@acme.dev,2024-07-06 18:56:03
170,mellowbeacon19,mellowbeacon19@acme.dev,2024-06-10 11:13:32
171,ambervalley94,ambervalley94@hackstack.io,2024-11-14 05:38:44
172,silverkernel89,silverkernel89@hackstack.io,2025-09-12 22:01:10
173,opalvalley71,opalvalley71@relay.cloud,2024-02-16 14:51:34
174,dawntrail55,dawntrail55@hackstack.io,2025-01-28 18:30:05
175,vividjourney38,vividjourney38@example.com,2024-03-27 06:25:43
176,jademeadow72,jademeadow72@seeded.app,2024-04-06 05:02:32
177,emberdelta44,emberdelta44@hackstack.io,2024-03-31 17:40:53
178,amberzenith26,amberzenith26@hackstack.io,2024-03-21 16:43:07
179,tidyfield67,tidyfield67@seeded.app,2024-05-28 21:36:13
180,clearanchor04,clearanchor04@hackstack.io,2024-11-16 03:17:27
181,youngriver57,youngriver57@example.com,2025-10-01 20:15:55
182,calmfield25,calmfield25@example.com,2024-07-01 19:56:58
183,goldanchor74,goldanchor74@opswise.net,2025-11-18 00:53:56
184,navynetwork29,navynetwork29@opswise.net,2024-08-24 09:53:31
185,calmanchor79,calmanchor79@example.com,2025-05-19 09:09:20
186,harborlagoon48,harborlagoon48@acme.dev,2024-07-19 20:37:01
187,warmmeadow12,warmmeadow12@relay.cloud,2025-02-25 08:32:49
188,cobaltcanyon88,cobaltcanyon88@relay.cloud,2024-11-22 01:40:20
189,dawnfield33,dawnfield33@acme.dev,2024-04-05 14:28:42
190,emberlagoon82,emberlagoon82@acme.dev,2025-08-23 16:54:52
191,cobaltisland53,cobaltisland53@relay.cloud,2025-04-29 00:13:58
192,tidymeadow88,tidymeadow88@hackstack.io,2024-02-13 18:20:09
193,ivoryanchor00,ivoryanchor00@opswise.net,2024-01-05 13:38:15
194,tidyorbit37,tidyorbit37@hackstack.io,2025-04-15 06:05:09
195,clearbeacon68,clearbeacon68@relay.cloud,2024-04-16 20:07:27
196,mellowisland44,mellowisland44@relay.cloud,2024-11-26 16:01:03
197,opalnetwork71,opalnetwork71@opswise.net,2024-05-30 17:55:39
198,harboranchor38,harboranchor38@example.com,2025-05-05 19:12:24
199,livelynetwork61,livelynetwork61@opswise.net,2025-04-30 05:05:40
200,cobaltpioneer26,cobaltpioneer26@hackstack.io,2025-06-16 09:45:37
201,briskdelta91,briskdelta91@example.com,2025-06-27 05:51:13
202,emberengine55,emberengine55@hackstack.io,2024-03-11 12:53:21
203,rapidpioneer02,rapidpioneer02@relay.cloud,2025-12-15 22:01:56
204,livelysignal70,livelysignal70@opswise.net,2024-07-25 04:24:07
205,mellowriver37,mellowriver37@example.com,2025-09-14 00:29:12
206,ambergarden79,ambergarden79@acme.dev,2024-09-02 00:16:52
207,calmpioneer40,calmpioneer40@opswise.net,2024-10-24 17:54:09
208,ivorymeadow71,ivorymeadow71@hackstack.io,2024-02-14 02:36:54
209,opallagoon12,opallagoon12@acme.dev,2025-02-26 02:35:40
210,tidyvalley36,tidyvalley36@hackstack.io,2025-03-03 01:13:01
211,rapidkernel41,rapidkernel41@example.com,2024-04-04 10:00:24
212,keenfield55,keenfield55@example.com,2024-03-21 04:59:16
213,ivoryzenith52,ivoryzenith52@relay.cloud,2025-04-06 02:02:04
214,quietorbit95,quietorbit95@example.com,2025-08-28 04:10:44
215,proudzenith64,proudzenith64@example.com,2025-10-03 19:34:08
216,opalgarden33,opalgarden33@hackstack.io,2024-10-19 00:57:04
217,embercanyon89,embercanyon89@example.com,2025-12-20 15:17:13
218,mellowmeadow77,mellowmeadow77@acme.dev,2025-11-25 20:37:22
219,vividnetwork95,vividnetwork95@opswise.net,2026-01-13 21:02:08
220,rapiduplink32,rapiduplink32@hackstack.io,2025-12-16 22:59:30
221,briskuplink04,briskuplink04@seeded.app,2024-06-13 23:54:57
222,tidygarden34,tidygarden34@opswise.net,2025-11-04 13:36:04
223,quietcanyon24,quietcanyon24@acme.dev,2024-11-20 21:36:16
224,proudbeacon55,proudbeacon55@opswise.net,2025-05-03 03:58:31
225,clearriver30,clearriver30@acme.dev,2024-12-29 04:02:58
226,rapidcanyon17,rapidcanyon17@example.com,2025-03-20 08:26:57
227,mellownetwork74,mellownetwork74@relay.cloud,2025-12-19 19:11:27
228,tidyzenith98,tidyzenith98@seeded.app,2024-10-16 21:59:06
229,tidykernel84,tidykernel84@example.com,2024-12-14 14:53:30
230,urbansignal56,urbansignal56@seeded.app,2024-03-15 17:36:01
231,cobaltpioneer72,cobaltpioneer72@relay.cloud,2024-03-20 12:16:14
232,clearmeadow69,clearmeadow69@relay.cloud,2024-11-04 23:59:47
233,ambervalley51,ambervalley51@hackstack.io,2025-05-18 12:33:44
234,urbangarden54,urbangarden54@example.com,2025-09-24 01:19:36
235,opalgarden90,opalgarden90@relay.cloud,2025-07-05 07:19:41
236,forestmeadow87,forestmeadow87@example.com,2025-04-13 01:33:45
237,vividtrail36,vividtrail36@seeded.app,2024-07-12 02:13:04
238,urbanuplink53,urbanuplink53@seeded.app,2025-03-27 22:02:14
239,vividwindow00,vividwindow00@opswise.net,2024-06-16 15:34:26
240,briskbeacon87,briskbeacon87@hackstack.io,2024-08-02 18:12:45
241,silverharvest81,silverharvest81@relay.cloud,2024-03-14 11:47:02
242,rapidmeadow72,rapidmeadow72@seeded.app,2026-01-03 06:56:32
243,jadeisland83,jadeisland83@relay.cloud,2024-03-08 08:04:46
244,briskharvest50,briskharvest50@acme.dev,2025-01-11 11:43:17
245,tidydelta20,tidydelta20@relay.cloud,2024-08-06 03:22:26
246,silveranchor98,silveranchor98@seeded.app,2024-04-30 05:28:25
247,livelyyard35,livelyyard35@example.com,2024-03-05 01:17:25
248,navycanyon20,navycanyon20@opswise.net,2024-01-30 08:57:56
249,harborfield94,harborfield94@hackstack.io,2024-03-14 19:43:19
250,tidyfield99,tidyfield99@hackstack.io,2024-07-25 16:30:18
251,quietisland57,quietisland57@acme.dev,2025-03-29 13:45:35
252,jadeisland60,jadeisland60@relay.cloud,2025-08-06 14:21:46
253,tidycanyon45,tidycanyon45@relay.cloud,2025-05-20 06:22:39
254,dawnkernel35,dawnkernel35@relay.cloud,2024-02-03 13:58:29
255,proudorbit69,proudorbit69@opswise.net,2025-03-14 18:25:01
256,warmuplink72,warmuplink72@opswise.net,2024-05-08 23:33:37
257,opalanchor56,opalanchor56@seeded.app,2024-04-16 22:51:51
258,livelydelta78,livelydelta78@acme.dev,2024-05-31 04:29:07
259,harboruplink91,harboruplink91@acme.dev,2024-12-31 11:30:06
260,dawndelta01,dawndelta01@example.com,2025-06-01 19:04:17
261,dawnnetwork81,dawnnetwork81@hackstack.io,2024-09-29 00:38:49
262,younguplink04,younguplink04@acme.dev,2025-10-14 16:44:29
263,silvermeadow28,silvermeadow28@relay.cloud,2025-10-03 17:12:41
264,urbananchor42,urbananchor42@relay.cloud,2024-08-26 15:18:14
265,navygarden55,navygarden55@hackstack.io,2024-11-20 20:43:24
266,jadeorbit66,jadeorbit66@acme.dev,2024-01-07 03:02:24
267,amberanchor78,amberanchor78@hackstack.io,2024-06-05 14:09:51
268,forestgarden46,forestgarden46@relay.cloud,2025-02-06 15:15:52
269,livelyharvest94,livelyharvest94@example.com,2025-04-15 20:24:50
270,urbansignal35,urbansignal35@hackstack.io,2024-12-26 14:18:49
271,navyisland57,navyisland57@acme.dev,2024-01-30 12:13:21
272,youngdelta15,youngdelta15@seeded.app,2024-12-13 10:54:11
273,harboruplink82,harboruplink82@seeded.app,2025-05-20 16:51:46
274,harbororbit28,harbororbit28@acme.dev,2024-06-29 12:16:18
275,rapidpioneer95,rapidpioneer95@example.com,2025-06-15 12:33:43
276,cobaltgarden91,cobaltgarden91@seeded.app,2024-11-11 04:47:49
277,keenbeacon19,keenbeacon19@seeded.app,2024-02-05 09:37:29
278,keengarden38,keengarden38@opswise.net,2025-04-01 02:42:39
279,rapidzenith81,rapidzenith81@hackstack.io,2025-12-27 10:31:25
280,warmpioneer25,warmpioneer25@opswise.net,2025-12-21 21:52:48
281,livelyisland45,livelyisland45@hackstack.io,2025-06-02 21:09:28
282,keenquartz39,keenquartz39@relay.cloud,2024-07-06 12:28:09
283,ivoryquartz26,ivoryquartz26@opswise.net,2024-03-30 17:40:11
284,youngtrail47,youngtrail47@opswise.net,2024-02-16 08:08:51
285,jadeharvest48,jadeharvest48@relay.cloud,2024-04-28 16:26:51
286,tidypioneer63,tidypioneer63@seeded.app,2025-08-11 09:03:55
287,embervalley95,embervalley95@hackstack.io,2025-07-24 22:24:49
288,dawnuplink58,dawnuplink58@seeded.app,2024-09-29 15:56:07
289,quietpioneer43,quietpioneer43@seeded.app,2025-05-14 09:34:46
290,urbandelta26,urbandelta26@opswise.net,2025-01-28 14:45:15
291,embersignal95,embersignal95@example.com,2025-11-20 03:33:01
292,clearvalley29,clearvalley29@relay.cloud,2024-01-16 20:43:44
293,quietengine77,quietengine77@opswise.net,2025-06-18 04:18:27
294,jadeengine81,jadeengine81@acme.dev,2025-12-12 02:27:20
295,calmriver17,calmriver17@relay.cloud,2024-12-03 14:17:17
296,emberbeacon95,emberbeacon95@example.com,2024-08-05 06:04:34
297,urbanorbit81,urbanorbit81@seeded.app,2025-07-17 00:34:42
298,keendelta70,keendelta70@opswise.net,2026-01-15 12:04:17
299,golduplink82,golduplink82@relay.cloud,2024-11-08 06:36:00
300,forestjourney65,forestjourney65@opswise.net,2024-03-11 14:24:40
301,ambernetwork10,ambernetwork10@seeded.app,2024-06-13 05:52:43
302,amberfield98,amberfield98@opswise.net,2024-02-22 05:05:49
303,navypioneer24,navypioneer24@acme.dev,2024-01-21 16:53:30
304,cobaltkernel28,cobaltkernel28@seeded.app,2025-07-12 10:56:51
305,mellowengine31,mellowengine31@seeded.app,2024-11-03 23:09:27
306,silveruplink18,silveruplink18@example.com,2024-06-18 06:33:48
307,navycanyon53,navycanyon53@relay.cloud,2025-04-07 17:44:56
308,rapidlagoon84,rapidlagoon84@seeded.app,2025-07-03 03:51:49
309,harborkernel25,harborkernel25@opswise.net,2025-11-28 20:55:14
310,ivorylagoon07,ivorylagoon07@relay.cloud,2025-06-04 05:01:30
311,emberengine44,emberengine44@example.com,2024-09-22 16:41:34
312,golduplink31,golduplink31@acme.dev,2024-06-19 19:37:56
313,keenjourney32,keenjourney32@acme.dev,2025-09-18 18:28:43
314,keenisland62,keenisland62@relay.cloud,2024-03-06 00:46:47
315,mellowisland10,mellowisland10@relay.cloud,2026-01-15 16:09:04
316,opalisland84,opalisland84@relay.cloud,2025-04-08 06:57:24
317,ambercanyon26,ambercanyon26@example.com,2025-11-25 07:03:41
318,harbornetwork98,harbornetwork98@acme.dev,2024-10-31 03:17:08
319,emberbeacon16,emberbeacon16@example.com,2025-07-23 06:32:16
320,amberlagoon53,amberlagoon53@relay.cloud,2025-09-17 19:41:40
321,ivoryanchor27,ivoryanchor27@opswise.net,2024-07-19 21:52:14
322,youngwindow83,youngwindow83@example.com,2025-07-23 12:24:20
323,opalengine03,opalengine03@example.com,2025-07-29 21:45:00
324,silverbeacon32,silverbeacon32@seeded.app,2025-06-29 10:52:15
325,dawnanchor53,dawnanchor53@acme.dev,2025-06-28 14:16:42
326,ivorywindow47,ivorywindow47@hackstack.io,2025-09-13 09:27:27
327,goldmeadow38,goldmeadow38@relay.cloud,2025-01-26 04:01:02
328,ivorycanyon44,ivorycanyon44@acme.dev,2024-11-26 15:18:54
329,vividcanyon70,vividcanyon70@hackstack.io,2024-09-06 02:41:21
330,vividengine53,vividengine53@acme.dev,2024-06-23 23:03:47
331,livelyvalley86,livelyvalley86@seeded.app,2025-11-15 02:23:01
332,ivoryorbit04,ivoryorbit04@acme.dev,2024-07-11 01:27:51
333,tidylagoon23,tidylagoon23@acme.dev,2025-09-08 06:57:27
334,silverfield97,silverfield97@acme.dev,2025-06-01 14:16:59
335,keengarden23,keengarden23@relay.cloud,2026-01-30 01:03:17
336,calmbeacon85,calmbeacon85@hackstack.io,2024-09-28 08:04:37
337,mellowmeadow63,mellowmeadow63@acme.dev,2025-12-07 23:09:57
338,youngbeacon79,youngbeacon79@seeded.app,2024-12-17 03:39:05
339,harborsignal70,harborsignal70@acme.dev,2024-06-22 23:20:04
340,opalharvest11,opalharvest11@example.com,2024-02-08 07:22:09
341,briskisland53,briskisland53@opswise.net,2025-04-02 10:56:15
342,opalharvest39,opalharvest39@example.com,2024-05-12 04:20:18
343,urbanharvest78,urbanharvest78@relay.cloud,2024-11-29 04:02:55
344,warmanchor05,warmanchor05@acme.dev,2024-09-07 22:45:27
345,amberriver26,amberriver26@relay.cloud,2024-03-26 12:23:00
346,proudmeadow28,proudmeadow28@acme.dev,2024-10-09 09:19:00
347,amberdelta38,amberdelta38@hackstack.io,2024-11-28 13:44:58
348,amberdelta55,amberdelta55@hackstack.io,2024-02-03 15:53:13
349,forestpioneer66,forestpioneer66@acme.dev,2024-02-17 06:30:56
350,cobaltorbit60,cobaltorbit60@example.com,2025-12-10 16:59:42
351,urbanharvest92,urbanharvest92@example.com,2025-10-15 22:13:12
352,jademeadow30,jademeadow30@hackstack.io,2025-11-14 00:29:05
353,proudmeadow65,proudmeadow65@seeded.app,2026-01-08 06:10:24
354,vividbeacon03,vividbeacon03@hackstack.io,2024-02-24 19:38:18
355,harborriver61,harborriver61@acme.dev,2024-02-15 03:13:12
356,emberorbit64,emberorbit64@example.com,2024-06-03 23:33:31
357,dawntrail99,dawntrail99@acme.dev,2024-09-13 06:42:40
358,livelycanyon14,livelycanyon14@example.com,2024-09-06 13:54:02
359,mellowyard56,mellowyard56@acme.dev,2025-09-30 09:38:55
360,navydelta72,navydelta72@seeded.app,2024-04-04 19:34:17
361,vividbeacon94,vividbeacon94@relay.cloud,2025-04-28 13:13:54
362,dawnorbit46,dawnorbit46@hackstack.io,2024-07-28 11:36:21
363,vividzenith70,vividzenith70@seeded.app,2025-05-05 03:52:36
364,harborzenith98,harborzenith98@acme.dev,2024-02-21 07:33:35
365,urbankernel93,urbankernel93@seeded.app,2024-11-21 19:45:38
366,dawnriver35,dawnriver35@example.com,2024-03-02 05:03:47
367,briskcanyon35,briskcanyon35@opswise.net,2024-07-13 05:56:34
368,harborsignal04,harborsignal04@acme.dev,2024-11-08 17:14:11
369,emberlagoon54,emberlagoon54@seeded.app,2025-10-12 13:47:11
370,cobaltcanyon19,cobaltcanyon19@seeded.app,2025-12-08 23:42:38
371,forestquartz60,forestquartz60@acme.dev,2025-10-08 02:38:40
372,warmquartz72,warmquartz72@seeded.app,2025-02-10 15:16:41
373,opaltrail75,opaltrail75@opswise.net,2024-11-04 15:17:38
374,forestriver68,forestriver68@opswise.net,2024-06-24 09:16:01
375,ivorygarden52,ivorygarden52@opswise.net,2024-08-21 15:19:06
376,harborzenith98,harborzenith98@opswise.net,2026-01-30 16:10:45
377,opalengine16,opalengine16@hackstack.io,2025-08-22 21:49:44
378,dawnuplink23,dawnuplink23@opswise.net,2025-03-17 18:24:21
379,forestvalley17,forestvalley17@seeded.app,2024-10-16 20:59:53
380,cobalttrail06,cobalttrail06@hackstack.io,2025-03-10 21:28:19
381,dawncanyon33,dawncanyon33@relay.cloud,2024-11-30 16:19:10
382,ivoryisland52,ivoryisland52@seeded.app,2024-06-16 10:06:36
383,tidytrail47,tidytrail47@seeded.app,2024-07-29 17:45:41
384,silverquartz85,silverquartz85@opswise.net,2026-01-14 13:38:47
385,vividmeadow56,vividmeadow56@acme.dev,2025-08-21 19:14:52
386,mellowyard62,mellowyard62@example.com,2025-12-19 05:00:29
387,cobaltzenith42,cobaltzenith42@example.com,2024-12-27 02:47:04
388,rapiduplink93,rapiduplink93@example.com,2025-01-08 22:14:19
389,silveruplink28,silveruplink28@hackstack.io,2024-06-15 06:41:59
390,cobaltzenith25,cobaltzenith25@relay.cloud,2026-01-27 21:36:01
391,ivoryuplink66,ivoryuplink66@hackstack.io,2026-01-17 02:08:00
392,jadekernel30,jadekernel30@opswise.net,2025-04-15 17:23:11
393,calmjourney91,calmjourney91@acme.dev,2024-10-01 23:10:19
394,emberorbit77,emberorbit77@example.com,2024-11-06 18:37:36
395,briskuplink23,briskuplink23@opswise.net,2024-01-15 17:10:19
396,harbororbit73,harbororbit73@seeded.app,2024-03-30 22:25:21
397,opalgarden89,opalgarden89@example.com,2025-01-19 09:38:37
398,livelyzenith98,livelyzenith98@acme.dev,2024-12-12 07:48:06
399,cobaltanchor43,cobaltanchor43@acme.dev,2024-03-10 05:05:02
400,jadesignal55,jadesignal55@seeded.app,2024-11-02 23:32:54
